# Cloudflare Pages Redirects
# Build output directory should be set to "frontend" in Cloudflare Pages settings
# This makes files available at root: /week1.html, /index.html, etc.

# Clean URLs - serve HTML without .html extension (200! = forced rewrite)
/week1          /week1.html         200!
/week2          /week2.html         200!
/week3          /week3.html         200!
/week4          /week4.html         200!
/week5          /week5.html         200!
/week1-learn    /week1-learn.html   200!
/week2-learn    /week2-learn.html   200!
/week3-learn    /week3-learn.html   200!
/week4-learn    /week4-learn.html   200!
/week5-learn    /week5-learn.html   200!
/leaderboard    /leaderboard.html   200!
/admin          /admin.html         200!
/index          /index.html         200!

# Legacy /frontend/* paths - redirect to root for backward compatibility
# /frontend/ and /frontend must be explicit (splat * doesn't match zero segments)
/frontend/  /  301
/frontend   /  301
/frontend/week1.html    /week1.html         301
/frontend/week1         /week1.html         301
/frontend/week2.html    /week2.html         301
/frontend/week2         /week2.html         301
/frontend/week3.html    /week3.html         301
/frontend/week3         /week3.html         301
/frontend/week4.html    /week4.html         301
/frontend/week4         /week4.html         301
/frontend/week5.html    /week5.html         301
/frontend/week5         /week5.html         301
/frontend/week1-learn.html  /week1-learn.html   301
/frontend/week1-learn       /week1-learn.html   301
/frontend/week2-learn.html  /week2-learn.html   301
/frontend/week2-learn       /week2-learn.html   301
/frontend/week3-learn.html  /week3-learn.html   301
/frontend/week3-learn       /week3-learn.html   301
/frontend/week4-learn.html  /week4-learn.html   301
/frontend/week4-learn       /week4-learn.html   301
/frontend/week5-learn.html  /week5-learn.html   301
/frontend/week5-learn       /week5-learn.html   301
/frontend/index.html    /index.html         301
/frontend/index         /index.html         301
/frontend/leaderboard.html /leaderboard.html 301
/frontend/leaderboard   /leaderboard.html   301
/frontend/admin.html    /admin.html         301
/frontend/admin         /admin.html         301
/frontend/config.js     /config.js          301
/frontend/week-common.css   /week-common.css    301
/frontend/week-common.js    /week-common.js     301
/frontend/learn-common.css  /learn-common.css   301
/frontend/learn-common.js   /learn-common.js    301
/frontend/*             /index.html         301
